B马新大楼-HLHF-2,238397-1,15578-130,253931-0
B马新大楼-HLHF-2,238397-1,238397-0,253931-0
B马新大楼-HLHF-2,238397-1,238397-2,253931-0
B马新大楼-HLHF-2,238397-1,253904-1,253931-0
B马新大楼-HLHF-2,238397-1,253921-2,253931-0
B马新大楼-HLHF-2,238397-1,253927-2,253931-0
B马新大楼-HLHF-2,238397-1,253931-0,253931-0
B马新大楼-HLHF-2,238397-1,259772-2,253931-0
B马新大楼-HLHF-2,238397-1,15578-130,253927-2
B马新大楼-HLHF-2,238397-1,238397-0,253927-2
B马新大楼-HLHF-2,238397-1,238397-2,253927-2
B马新大楼-HLHF-2,238397-1,253904-1,253927-2
B马新大楼-HLHF-2,238397-1,253921-2,253927-2
B马新大楼-HLHF-2,238397-1,253927-2,253927-2
B马新大楼-HLHF-2,238397-1,253931-0,253927-2
B马新大楼-HLHF-2,238397-1,259772-2,253927-2
